,x_0,x_1,x_2,x_3,x_4,x_5,x_6,x_7,x_8,x_9,x_10,x_11,x_12,x_13,x_14,x_15,y_0,y_1,y_2
1,0.15534531951460576,0.15659434601529482,0.15658388962686365,0.15768845304504445,0.15655926989496868,0.15759645629363084,0.15395284394235748,0.15769121272139647,0.15693552445916537,0.02463946178470197,0.014332535794277353,0.012023790775420143,0.010202460540658063,0.010039676248614134,0.010002604798693073,0.010000000000000007,1.0,0.0,0.0
4,0.15654593858719543,0.15616591754119816,0.15616029071405566,0.15669516643323386,0.15614284346675736,0.15663780957909565,0.15447554650132028,0.1567764965943493,0.1446272104478159,0.023680488534829187,0.014496250623818943,0.011987714377009021,0.01012210712607802,0.010027679649276788,0.01000186333486199,0.010000000000000009,1.0,0.0,0.0
21,0.15535226677584935,0.15577845068101887,0.15577090041789832,0.1575871005667392,0.15576744391746122,0.1575889046694906,0.1558790678944746,0.15769156047877161,0.13133271182275325,0.02243506888040018,0.015340723237772167,0.0119197214817303,0.010112241504579497,0.010015372144202714,0.010005429694101167,0.010000000000000004,1.0,0.0,0.0
22,0.15584274903323017,0.15642542927957445,0.15642488496303725,0.15678532559037336,0.15642435311133565,0.15676909793997681,0.15565830397024635,0.15679456182703458,0.1877367562894827,0.02416414017897302,0.015381428121540041,0.012251815337150859,0.010032580303363665,0.010008001833967054,0.010004730506044272,0.010000000000000018,1.0,0.0,0.0
29,0.1553970215577994,0.15537777342660644,0.15537839538326348,0.15807758056688787,0.1553730173401603,0.15807409930304428,0.1542050595294317,0.15806854366773826,0.125579402561598,0.022289257748112662,0.014610472119089276,0.011910629107671234,0.010113836160567762,0.010015315509552312,0.010000840869850413,0.010000000000000007,1.0,0.0,0.0
35,0.15568072135636424,0.15585182967397296,0.15585163735702823,0.15554791737882057,0.15582497841680024,0.1552550152287334,0.15142590371274497,0.15618725663575264,0.1557407863107649,0.02389774223377676,0.01563413550671104,0.01235254041810459,0.010791630641111766,0.010135498642675557,0.010012169649560317,0.01000000000000001,1.0,0.0,0.0
36,0.15651036124498394,0.1572072249647216,0.1572073560097013,0.15722215687544505,0.15720800395281634,0.1572221660075015,0.15657552240071493,0.1572229257636007,0.16599249476669828,0.022612021792640047,0.014801443390512667,0.01206426149894264,0.010002741348775969,0.010000652208243357,0.010000360208135968,0.010000000000000014,1.0,0.0,0.0
42,0.15375131308491538,0.15655213105052934,0.15655469231490868,0.15669967953898103,0.15656268278797375,0.15666408895987044,0.15314154090382315,0.15689731620963904,0.15017996185606666,0.02367403670420081,0.014523722397756705,0.012095996490800355,0.010153625554756943,0.010025875582626954,0.010010659647525948,0.010000000000000002,1.0,0.0,0.0
44,0.1572927396202115,0.1557047737466637,0.15570303455240292,0.15737082582832104,0.1557005890511932,0.15736593594893367,0.15571122029610784,0.15737684484731698,0.19200947366265486,0.024842640962770404,0.014458484057550635,0.01210481648576159,0.01002193456620855,0.010006232477980898,0.010001111932276634,0.010000000000000009,1.0,0.0,0.0
61,0.1560698719351065,0.1566795945946344,0.15667947032441437,0.1584134774432649,0.15667968652174644,0.15841295889704496,0.15547656536611365,0.1584099501925196,0.16604297072861474,0.02790541680934646,0.014028113999898608,0.012163280326200137,0.010014399990583173,0.01000124876215554,0.010000942583613273,0.010000000000000004,1.0,0.0,0.0
69,0.15707127482220395,0.15650257710358456,0.1565027741154718,0.15801994573836783,0.15649761372920531,0.15802742004533654,0.15325215933602734,0.1580416547806674,0.14336841730149288,0.027469294080201448,0.01503856722393183,0.01227234859992769,0.01048272218456145,0.01002498159437786,0.010001114120326518,0.010000000000000009,1.0,0.0,0.0
84,0.15648171916645012,0.15677096282248656,0.1567706723033148,0.1587714372667674,0.15677052716877876,0.1587715192837834,0.15575627582227305,0.15877103642302923,0.13996671778295222,0.026345333344032225,0.015159938735553878,0.012262278784929725,0.010005870337202974,0.010001811882328841,0.01000028986730932,0.010000000000000005,1.0,0.0,0.0
88,0.15669983484964112,0.15652418615855032,0.15652116235410002,0.15817469182315988,0.15651927323194173,0.1581889700465345,0.1481603613133603,0.1579989862217468,0.1405153909516993,0.026321234037729194,0.015460500471089746,0.012320095877570342,0.010584638510100036,0.010009749830727303,0.010007122076604098,0.01000000000000001,1.0,0.0,0.0
92,0.15761722966246272,0.15735538315006914,0.1573554220655871,0.15858719091313533,0.15735615053607618,0.1585865466243455,0.15472307001700697,0.1585892239446548,0.1263511504257794,0.025382824626130975,0.013635004425841745,0.011863514519064972,0.010020827608426864,0.010001177620589375,0.010000886395330838,0.010000000000000002,1.0,0.0,0.0
101,0.15545956135336897,0.15780230369341167,0.15780278943248574,0.15890530461585586,0.15780487302249874,0.1589039487100881,0.15647161097505996,0.158867890764813,0.12245499936699637,0.027173851127393706,0.013917666030236538,0.011855305650660721,0.010081371399792217,0.01000447238042277,0.01000357120744371,0.010000000000000002,1.0,0.0,0.0
103,0.15659538455386782,0.15746330411797163,0.15746352257782428,0.15849571925266587,0.15746296062132362,0.15849120203621977,0.15383467247089752,0.15849403159901096,0.13461843904060222,0.028489850076210695,0.015187436044916168,0.012132970357388924,0.010012549200868952,0.010004034460502027,0.010002937272780317,0.010000000000000007,1.0,0.0,0.0
107,0.15522652840889195,0.15741698776926694,0.15741139815687238,0.15835329992431996,0.15741155171046942,0.15835160753379723,0.1544728111273705,0.15839202378930203,0.12252461623726679,0.02856988042950865,0.015059561711528186,0.012017392309194339,0.010071827358723707,0.010020949047823085,0.010002445172683448,0.010000000000000002,1.0,0.0,0.0
110,0.1552576118196326,0.15790346511174014,0.15790224897028912,0.15885463151626383,0.15790232832469497,0.15885193994343458,0.15512638195825343,0.15885685315120301,0.15596981448738298,0.029737596088229963,0.014598733082993122,0.012083160204495761,0.010007782516368814,0.010004421959744868,0.010001925802323852,0.01,1.0,0.0,0.0
113,0.15561749073140002,0.15649324456256208,0.15649303548985377,0.15884880393998146,0.15649307985702182,0.1588492786502303,0.15638740873389995,0.1588466962749381,0.137352271412606,0.02833492027738211,0.01478142019858418,0.012220876408909606,0.010003082824672287,0.0100004056635396,0.010000308791082763,0.01000000000000002,1.0,0.0,0.0
120,0.15773094866760792,0.15754874740266608,0.1575470244728413,0.15885234217036504,0.1575438130692993,0.15885272981240753,0.15315924119727886,0.15890059881681126,0.12739087311887723,0.028011229202712797,0.015542257189936057,0.01186736433454921,0.010393881476600338,0.01001743102766959,0.01000624067887345,0.010000000000000005,1.0,0.0,0.0
127,0.15716196976646454,0.15652308463587425,0.15652300896712654,0.15792931154329315,0.15651712563582662,0.15792164868294695,0.1528918471594734,0.15793902613981733,0.14818462085057424,0.027600530938439026,0.01564913949722489,0.012133274307213119,0.010430821817867123,0.010034110038888988,0.0100078569775502,0.010000000000000004,1.0,0.0,0.0
135,0.1570525468646173,0.15758371602557278,0.15758326127265565,0.1591245825049468,0.15757830055639885,0.1590969027075721,0.15319628830209456,0.15611990759745495,0.131808409395641,0.028090149712021013,0.01389329950171831,0.01171680579554853,0.011138228803344415,0.010026856901614187,0.010013972077756905,0.010000000000000002,1.0,0.0,0.0
144,0.15620929602331668,0.15716117755275932,0.15714654399705083,0.1579565019760494,0.15715948785762054,0.157834070936051,0.15454592827490768,0.15798978241113296,0.17655988254357324,0.03039355532039391,0.015394222695540378,0.012281170322926454,0.010480843361125541,0.01008014330030799,0.010032246571232169,0.010000000000000007,1.0,0.0,0.0
161,0.15547687482979192,0.15761472743540592,0.15761360096387492,0.15853954565122247,0.15761497318350456,0.15854059362383993,0.15466633785105297,0.15855716248431054,0.11681952832801286,0.027489802044723476,0.014909686731211774,0.011881545729811639,0.010244981000267177,0.010008722577690676,0.010006516101745666,0.010000000000000002,1.0,0.0,0.0
174,0.1556194006470022,0.15725764257991984,0.15725834850637735,0.15800541545208496,0.15725558264069328,0.1580003047595415,0.15603398900612936,0.15790291460363703,0.112513621825582,0.028113776643785518,0.014126393258714324,0.011819419811715167,0.010174789017693878,0.010006656394095585,0.010002769009259895,0.010000000000000012,1.0,0.0,0.0
177,0.15567683162540188,0.15773883384861923,0.15773783786930265,0.1582349554952971,0.15773599559822335,0.1582454875502991,0.1525772703404153,0.15793487371871107,0.14267895497812338,0.03142986276441767,0.015950391145737076,0.012278933825524179,0.011008847322693683,0.010032214234013669,0.010011982101716983,0.010000000000000002,1.0,0.0,0.0
181,0.15537366859154167,0.15735555651412886,0.1573557066439594,0.1586821300063824,0.15736328704262223,0.15865195281932362,0.1537750586486079,0.15859200905365126,0.1371753019838889,0.028313654273313026,0.01427430168430335,0.012143741961381054,0.010697594400580998,0.010018179781341015,0.010008830405885976,0.01000000000000001,1.0,0.0,0.0
188,0.15554417315565638,0.15685743664061372,0.15685744112687913,0.15871268347776435,0.15685730305439835,0.15871240952650154,0.15695260697568317,0.15531527585647523,0.12562792982107945,0.028279083608915186,0.013615370657116412,0.011480455869564256,0.010851529324700406,0.010001580339119865,0.010000447727944162,0.010000000000000004,1.0,0.0,0.0
198,0.15648911999019025,0.1572384925812928,0.15723988990512336,0.15871502512677488,0.15723756194419244,0.15871833561851514,0.1561103577020572,0.15648687678233936,0.1332444823696729,0.030982883154397664,0.013808731319462697,0.011485787138132256,0.011303038649516596,0.01001326784591789,0.010007061467922539,0.010000000000000004,1.0,0.0,0.0
200,0.1550316727428247,0.1529606971620292,0.15296065691122723,0.153455356142975,0.1548192811902079,0.1534551953344736,0.1529606881848257,0.15345532774491033,0.8025842178408896,0.7201477368437869,0.35149159906214206,0.09489430358034069,0.01001576584601275,0.010003483989111708,0.010002413274645912,0.010000000000000136,0.0,1.0,0.0
210,0.1544966687217944,0.1524729522686034,0.1524729469736473,0.15365912336937776,0.1556793354379106,0.15365822241632096,0.152471806509578,0.15365816874842866,0.8475861295697332,0.7220723624160088,0.38479641858814395,0.10927945870576483,0.010081054609969383,0.010042718478855671,0.010000896000021006,0.010000000000000066,0.0,1.0,0.0
214,0.1552098763668632,0.15154162068335622,0.15154089490401193,0.15293430473334554,0.15531314642603394,0.15290593546541692,0.15152612845171848,0.15290696977966478,0.8481476804334392,0.6831006050587397,0.3717624016244594,0.11290114562506456,0.013472579876614064,0.011645907260523334,0.010172427252933235,0.010000000000000047,0.0,1.0,0.0
223,0.15573250800951352,0.15153496223543605,0.15153740480739405,0.15414439618972406,0.153793276935584,0.15416540666555104,0.15163440615149645,0.15418531954775025,0.9607883128644358,0.8212608012173928,0.43034313107937766,0.12171294890499433,0.018233524659828262,0.014364937517607444,0.010442489256554914,0.010000000000000056,0.0,1.0,0.0
225,0.1552755271099588,0.14917259167109767,0.14916243356668477,0.1516209617318134,0.15540321692747117,0.15162589952799746,0.14912383039540292,0.15165710697356297,0.8477890328841443,0.6555075447646231,0.3728306590676345,0.11557697547110844,0.012801517438657064,0.011273108898622925,0.01016654352463349,0.010000000000000073,0.0,1.0,0.0
226,0.15680548941965083,0.15213486867307036,0.1521241622632884,0.1541055304335741,0.15504556076964568,0.15406901939941875,0.15208558076754103,0.15407980890546139,0.9148107873129494,0.6929642172444614,0.41235039335208534,0.11493345904450218,0.013806678487158686,0.012077836784755224,0.010822480823200257,0.010000000000000078,0.0,1.0,0.0
230,0.15476242355339764,0.15232424693505556,0.15232345853191234,0.1529109786272637,0.15696326995821486,0.15290690457152833,0.15232253930194797,0.1529071894547289,0.818859395864248,0.7090854670719239,0.3661626787179675,0.10132683456762785,0.010241270670262002,0.010098705833323075,0.010064589483558218,0.01000000000000006,0.0,1.0,0.0
237,0.15496184767526755,0.15064952909370596,0.1506497165904176,0.15195167100124737,0.15360217009661056,0.15194613664598083,0.15065224170845615,0.15194654748758457,0.8398052910861322,0.6647243783907091,0.3732155460137745,0.10919584803814177,0.010231642460755535,0.010105947553494093,0.010061776078677425,0.010000000000000122,0.0,1.0,0.0
239,0.1550336687745783,0.15135694125661953,0.15136751921285996,0.15416410915643183,0.15537291043661983,0.15416459213046887,0.151375410990325,0.15416643085371753,0.9499610789215109,0.6538059471038631,0.4033489375981142,0.11784474902299236,0.011863822695621383,0.010764829109732204,0.010144724400574982,0.010000000000000092,0.0,1.0,0.0
243,0.15607179708782234,0.1509838394543705,0.15098430670629728,0.152391647684508,0.15652608139831983,0.15239275240525968,0.1509865263469478,0.15239152028145397,0.8801691998324362,0.7166114133311746,0.3914657844963227,0.10659269743747564,0.010351581002527999,0.010174538823040662,0.010033498051947939,0.010000000000000068,0.0,1.0,0.0
245,0.156401975047286,0.15187617371473836,0.1518699370032394,0.15388800315955292,0.15510109802542474,0.1537058771287553,0.1520145135621222,0.153705600514664,0.8702440489532474,0.7322978504745297,0.38855146121865647,0.11313860406548228,0.022299885764528623,0.01626237411838226,0.010266657219422413,0.010000000000000047,0.0,1.0,0.0
247,0.15595481034732622,0.1514842632743444,0.15148298018869505,0.15230632855671766,0.15677712092419754,0.15229376931178304,0.15148236947330374,0.15229569339765595,0.9002584499799993,0.7063573797249224,0.3978618182295987,0.11100582047217372,0.010503331405665997,0.01022058258443937,0.01003471576513391,0.010000000000000068,0.0,1.0,0.0
250,0.15459305046997285,0.15044990066661795,0.15045128797715507,0.15233647311084622,0.15517016640579231,0.15233402198043222,0.1504518916126243,0.15233307971029986,0.8569673316978487,0.6697440430515251,0.3775405445764291,0.11358187979013454,0.01023797947940402,0.010074595858739434,0.010014374214853742,0.010000000000000123,0.0,1.0,0.0
252,0.1552448628694218,0.15188166526379449,0.15188045470277103,0.15379643004011548,0.1553425248588368,0.15379656503007416,0.15188066248068902,0.15379808583067148,0.9003602312934931,0.7902774541066941,0.403687785379556,0.11550306301544452,0.010462121005419949,0.010121859401729235,0.010116412108108574,0.01000000000000013,0.0,1.0,0.0
254,0.1549774737829836,0.1543735945981902,0.1545277857551686,0.15437570230264028,0.15533831849171034,0.15452830842750906,0.15452779480009088,0.15437755235794312,0.7967766317312378,0.6808548321903801,0.3077191923762899,0.09773999753555067,0.010504889547152582,0.01004812159203101,0.0100146751992522,0.01000000000000005,0.0,1.0,0.0
270,0.1525310219817802,0.1534702608972185,0.15341412773153631,0.15438570358023476,0.15578733546134402,0.15439942595496922,0.15347300271510256,0.15444041988719293,0.8798542268709647,0.7547790138765507,0.36066964421040204,0.10678671981324474,0.022467749532397094,0.016110798638039093,0.011571671113582234,0.010000000000000064,0.0,1.0,0.0
274,0.1552550173780744,0.15405422405476943,0.15405432608975914,0.15438675909761057,0.15646876330564294,0.1543810846754535,0.15403171357030754,0.15438120161679716,0.811599336325434,0.6170091042664979,0.3547598860155713,0.10938990872277754,0.011119298745423025,0.010584867119602357,0.010072487870721934,0.010000000000000132,0.0,1.0,0.0
276,0.15682016140789332,0.15239655797117355,0.1523898562330874,0.1533634540705811,0.15604678251066426,0.15335070953982954,0.15242081356383325,0.1533549044298349,0.8260466437651532,0.6703280148499735,0.3587507130872316,0.10141167944163734,0.011728541270143833,0.010913061828446882,0.010643230025783986,0.010000000000000064,0.0,1.0,0.0
280,0.15468560817332838,0.15078681084935625,0.15078566435832225,0.15389712965538213,0.15518042701044388,0.15390209303444305,0.1507850061057831,0.15390218625414254,0.7984434948511077,0.626488875636542,0.36211039398665906,0.10698513304888482,0.011555989659032819,0.01074869373539655,0.010013952930189071,0.010000000000000113,0.0,1.0,0.0
285,0.154910740884411,0.15223865319025107,0.1521769024252317,0.15139778129859574,0.15624294984841655,0.15141264769431645,0.15238285487016934,0.151427248801671,0.8593993092061198,0.723137199699125,0.38864245142618664,0.11265534072271545,0.02511611888583779,0.017912953534270595,0.01230310569297255,0.010000000000000108,0.0,1.0,0.0
288,0.15538864357334473,0.1521351071140488,0.15213292552562016,0.1535178993331747,0.15720012199918504,0.1535120006203944,0.1521147247128633,0.1535191241214009,0.8400256932952946,0.7036607507743665,0.3858076663928118,0.10983253067320575,0.01082624387457885,0.010328216737769616,0.0101008425886751,0.010000000000000071,0.0,1.0,0.0
293,0.15476532028148984,0.15276876845878093,0.1527753474576749,0.15432780865565016,0.15614395113511853,0.154334657101287,0.15279583556599055,0.15433566678319505,0.8776020096644692,0.6882027890605821,0.38938082995371304,0.10843955645076996,0.011199838547209066,0.010519682061803816,0.010027093159743114,0.01000000000000009,0.0,1.0,0.0
297,0.15490961691972752,0.15092372508421195,0.15085849369748597,0.1539102828243538,0.15538399103306427,0.15390905337480398,0.15087083668024348,0.15391494426486793,0.8040754558972704,0.6686091783692509,0.36047697215226016,0.10797545765609463,0.02908031263344217,0.01830769892177355,0.010881203722385248,0.010000000000000113,0.0,1.0,0.0
298,0.15606958089926884,0.15293226087608844,0.1529332297502936,0.15392431119474514,0.15634691407182605,0.15392356465580245,0.15293440769010133,0.1539238385875664,0.7977123919507241,0.6988637992752273,0.3400818489709173,0.09969520696034374,0.0104827210415189,0.010228503335991405,0.010069062233600472,0.010000000000000071,0.0,1.0,0.0
302,0.15373356823874398,0.15300285905276326,0.15300165309162267,0.15397277718940194,0.15617739524022362,0.1539679726892897,0.15302922511578188,0.15396812351586703,0.842336369929266,0.7289448104502024,0.380639480946502,0.10373473064575336,0.011883629067176995,0.011000509895306376,0.010081849704686889,0.0100000000000001,0.0,1.0,0.0
304,0.15587421847578795,0.15264304480448085,0.15264167307100734,0.15290921565619955,0.15618898240216103,0.15290795633378113,0.1526424499118384,0.15291107759081402,0.762403837361073,0.6518174927767795,0.32183612886236485,0.09705121582437858,0.010596615711273401,0.010070680310767934,0.010033608635225896,0.010000000000000129,0.0,1.0,0.0
307,0.1561044585754195,0.1536601921056484,0.15365779283479822,0.15429281114654447,0.1558079960009679,0.15434668090693296,0.15364612422163176,0.15431517722724203,0.694317918731555,0.560402578667578,0.31281735603187844,0.09346203659890286,0.011648352325391189,0.010524045239528608,0.010148830893256433,0.01000000000000006,0.0,1.0,0.0
308,0.15440562269979632,0.15223256153312736,0.15223279349399835,0.15290369476288154,0.1556939998082063,0.15291096633718582,0.15223284688521702,0.15290745706208683,0.8515369197892612,0.7274103290311492,0.37226586899141567,0.10629091010475243,0.010321987941795648,0.010129403333453151,0.010042292396704029,0.010000000000000092,0.0,1.0,0.0
313,0.15531275486448531,0.15240219798615454,0.15240211291043443,0.15310403634383268,0.15731062079342814,0.15307999283840895,0.1523999779323429,0.1530791811815629,0.8250014670424226,0.7035025261105181,0.3527686270523654,0.10047658200334052,0.010651477249181397,0.010326391344457559,0.010008643347321038,0.010000000000000085,0.0,1.0,0.0
316,0.15520000387458593,0.15217710620846853,0.1521858947657412,0.15315339450888701,0.15428021926847407,0.15314213316460015,0.1521933438587617,0.15314227553652043,0.8123631446017682,0.639395808329769,0.35302359034865416,0.10061362895904653,0.011286941718084259,0.010498704388733704,0.01010751337183045,0.010000000000000056,0.0,1.0,0.0
322,0.15540187871158095,0.15132410269619095,0.15132553908070204,0.15321899286360297,0.15505456982950946,0.1532239986677432,0.15134184451504118,0.1532360199498957,0.815384028727371,0.6952713507546734,0.36770458441167436,0.1058654424190766,0.01576302215560564,0.012548844895937682,0.010290421150359141,0.01000000000000012,0.0,1.0,0.0
324,0.15628801594337643,0.15220327177686466,0.15220257788814834,0.15320374328004782,0.155542230623088,0.1531947977007308,0.1522053796436132,0.15319520469517953,0.8017072873303441,0.5980374525208089,0.33880291373082777,0.09806174501280207,0.011744166383083869,0.010679817510426683,0.010236367346547192,0.01000000000000005,0.0,1.0,0.0
329,0.15627739319345346,0.15306259905114314,0.15306335010156452,0.15491555134095478,0.15556480066626324,0.1549133374297016,0.15306542742982568,0.1549132287922166,0.8338404976330955,0.7114414726942511,0.36961723602008784,0.10892278333391972,0.010197753044444017,0.010096670303470532,0.010038413239651458,0.010000000000000071,0.0,1.0,0.0
333,0.15606887766387498,0.1521913865653484,0.1521918881302323,0.15232552061977475,0.15587831726538587,0.15234214909827062,0.15220629098356217,0.15234043264473335,0.8354635829319104,0.7372013888473488,0.38320590866140486,0.10584217826843494,0.011018486197437572,0.010504097613735509,0.010078807336897564,0.010000000000000056,0.0,1.0,0.0
341,0.15513131995862695,0.1523325544623996,0.15233049063174048,0.15233314235105577,0.1563365084733579,0.15237379904150206,0.15239051691396568,0.15237521921645386,0.7857250990826171,0.6697365882843055,0.3418944006045703,0.10049035129916742,0.01948233747217299,0.01480587371870464,0.010083825339946364,0.010000000000000077,0.0,1.0,0.0
351,0.15639905864530493,0.15368595721690784,0.15368542146000802,0.15346711981291605,0.15562000105641335,0.15346568001519306,0.15368342055632103,0.15346566504930817,0.8389617716266431,0.7590650952763578,0.3567803423222315,0.10062265271018424,0.010048161610606987,0.01002457468568185,0.010013831694414997,0.010000000000000052,0.0,1.0,0.0
352,0.15528527584446017,0.15242159981892553,0.15242156017805072,0.1527618128459212,0.15597647918857496,0.15275386670443383,0.1523993371284072,0.15275448067570757,0.8415129314740414,0.7355108992297913,0.37766859850111145,0.11295137158557679,0.010891375297229717,0.010475594189296595,0.010117403348453022,0.010000000000000163,0.0,1.0,0.0
360,0.155317551586179,0.1534747241638253,0.15191545301654572,0.1534746798605409,0.15483823105210368,0.15190351444842098,0.15190554314945218,0.15347533450077405,0.849752477821294,0.7500970168144347,0.3627885492135498,0.10931836385428205,0.010231795906886602,0.01011341134929203,0.010068241743964642,0.010000000000000063,0.0,1.0,0.0
376,0.15471417795933123,0.15301485101423948,0.15299878720372267,0.1544984025421709,0.15592025349240596,0.15454373604384317,0.15303938326484617,0.15456421262524747,0.8454220214788656,0.7196194354881649,0.37706784104889335,0.10375132440804732,0.014337126377445226,0.012037742853022785,0.010379263687759873,0.010000000000000099,0.0,1.0,0.0
393,0.1547160685645087,0.15422853076601897,0.15422542215780802,0.15444809574079976,0.15496359713982286,0.1544500757539882,0.1542206710323946,0.15444929799800222,0.8148595691837971,0.7254948795656412,0.355429214833367,0.1068175228695576,0.01036906893594973,0.010156744478450332,0.010055385303134136,0.010000000000000071,0.0,1.0,0.0
400,0.15658311480636244,0.15562596016895838,0.15562035592768797,0.15568726645371014,0.15600129713236321,0.15561827314807214,0.15560221754797332,0.15566632537296,0.7173247695339917,0.6087121837122054,0.24107999674851538,0.09411174864890405,0.011899256774276386,0.010626186662012085,0.01028996231752185,0.010000000000000044,0.0,0.0,1.0
409,0.15576979876493666,0.15501753438861546,0.15498589992020131,0.15603130459570191,0.15574572578198265,0.156052401627122,0.15500400692049324,0.15603550747254438,0.6945151730995258,0.6012366511223284,0.235556482360113,0.08841035428594278,0.011313581338042888,0.010464679392561687,0.010253712674110677,0.010000000000000054,0.0,0.0,1.0
410,0.1562837933389708,0.15458509574942697,0.15471501531507262,0.15458351605088014,0.155042611486258,0.15528960391670615,0.15517835284464432,0.1552899104846948,0.6976011414513588,0.6524964961513189,0.24131311893023052,0.07678407701219282,0.027789845018975495,0.019858283206508176,0.010084433205884959,0.010000000000000115,0.0,0.0,1.0
415,0.15570570543261125,0.15600033177249145,0.15590351913566597,0.15599339708582458,0.15535545643208779,0.15586816103909015,0.15585829179885757,0.15601828156080771,0.7017338363716241,0.6585603394651666,0.23968187204173047,0.08609346711118004,0.0130233399857459,0.010778950770645376,0.010090132583150974,0.010000000000000045,0.0,0.0,1.0
416,0.15552167622061042,0.15547127395590923,0.1550500163278911,0.15546481629265596,0.1552189136526448,0.15498802343278273,0.15498738822215002,0.15546173111379943,0.7122847805545919,0.7008773911439831,0.22650848501821733,0.08844944565919215,0.013017772448558965,0.011376569703408047,0.010589011595773159,0.010000000000000064,0.0,0.0,1.0
417,0.1552709322950789,0.1560114805617974,0.15600380135296565,0.15589706970891387,0.15634760475190876,0.15587767760890453,0.15602398604445178,0.15588971878438843,0.7152559762673004,0.5846238271931891,0.21169995317254003,0.08347200337471722,0.011147132497003331,0.010340114048407015,0.01022767494104709,0.010000000000000078,0.0,0.0,1.0
422,0.15634983717571155,0.1546837046068344,0.15637388750690062,0.15512251902791518,0.15555480435595007,0.15647153116134832,0.15637564285529204,0.15512841654993392,0.742713902827935,0.6389519406710774,0.23018964587253712,0.08238645476152984,0.017177079250849714,0.010032056439365696,0.010019942447234132,0.010000000000000125,0.0,0.0,1.0
430,0.1560931424671154,0.1566695057412065,0.15640994987125179,0.1566696370468064,0.1547076501819738,0.15640376604281048,0.156405073048394,0.15666964196691882,0.6693801860395396,0.6095902736141741,0.21915076432645153,0.08752132740571633,0.010369151186022333,0.010151203015026635,0.01009773606612483,0.010000000000000061,0.0,0.0,1.0
434,0.1564293098494573,0.15612083721464554,0.15502832322021906,0.15612103486191353,0.15614338968227842,0.15501079338055304,0.15501058828188688,0.15610934644232158,0.7556051623882877,0.6690190835628662,0.23482317186533816,0.09101106260726799,0.010554441578177802,0.010280014704897067,0.010002660255069778,0.010000000000000054,0.0,0.0,1.0
437,0.1559375159209793,0.15523520584723063,0.15612869810018826,0.155405053755802,0.15656158964719008,0.15628163403043893,0.15622587135369526,0.15519099460889532,0.747763266043078,0.6656160236216228,0.24826329813066433,0.08821177832261735,0.023528294931383278,0.014294829376004695,0.012210349699620725,0.010000000000000092,0.0,0.0,1.0
438,0.15411044192198325,0.15514209702150272,0.15514546781786415,0.15528032985568288,0.15590185860998657,0.15528933218982716,0.15517104924925432,0.15528906243163143,0.6461794442867788,0.5974721118138153,0.2240586300001386,0.08461662068654276,0.011011849382037206,0.0105091046036411,0.010155047350720342,0.010000000000000092,0.0,0.0,1.0
445,0.15527472197284378,0.15608429090377507,0.15608790380072446,0.1545173928301888,0.15496658154945006,0.15451534943808812,0.15609569600303275,0.15451567159043753,0.7206213084697405,0.6065308721128938,0.2237532839027316,0.08644278759444225,0.010424361781204582,0.010229585048349359,0.010165514111606445,0.010000000000000047,0.0,0.0,1.0
446,0.15585779091637492,0.1561040910848387,0.15607692236610063,0.1551698835118425,0.15545067333023915,0.15531693349461856,0.15614179764102434,0.15532433565091647,0.7070490946498488,0.676280049255983,0.23022762471425784,0.09667042533272141,0.01606943587427188,0.01290146259750912,0.010677658198462957,0.010000000000000071,0.0,0.0,1.0
450,0.15690967255064572,0.15566418565129092,0.15562425390718307,0.15641446626321853,0.15557103911574421,0.15641369070987587,0.15594294041001772,0.1564122425191091,0.6535410863885109,0.6209070089875427,0.22098792762241623,0.08472073390883282,0.02571369802974347,0.017533466380655435,0.01149183437948636,0.010000000000000063,0.0,0.0,1.0
454,0.15508681278906147,0.15563770290536932,0.15564258594075095,0.15660354700589144,0.15500666772403554,0.15660038359035544,0.15563974453936344,0.15660250957102806,0.7139459929099695,0.6183581795089382,0.22608809451031867,0.0894085621243714,0.010192746342506059,0.010146810481982354,0.010066080986548185,0.010000000000000068,0.0,0.0,1.0
461,0.15442830122056211,0.15650564644614615,0.15585393469578246,0.15654637058892842,0.15605153659529913,0.1562909668779983,0.1552596277329121,0.156294359139118,0.6271616684758079,0.5833180118691219,0.2070035100992739,0.07070128981691938,0.05009543243033629,0.03409564165361662,0.011226943206761018,0.010000000000000047,0.0,0.0,1.0
462,0.156544002994856,0.1557541962868467,0.15481823475334752,0.15575946670015273,0.1558570481652675,0.15481658969288362,0.15479381486473234,0.15575527431900238,0.7430525414749474,0.6422374843825057,0.21812858828040452,0.09163053781643757,0.012656469309326358,0.011427717434298622,0.01055450764386185,0.010000000000000054,0.0,0.0,1.0
464,0.15569349096105803,0.1555794035897425,0.1555785748332339,0.15543216048296582,0.15637990893614348,0.15542281074177533,0.1555725342593608,0.1554223732655796,0.6830714667573399,0.654547707156408,0.22706600179066,0.08896717653621602,0.010364073630649156,0.010195553362817536,0.01003643528577778,0.010000000000000042,0.0,0.0,1.0
468,0.1566937129622005,0.15569129879410973,0.15554095693538378,0.15577486886346423,0.1549129433790266,0.1553624740456012,0.15557239015972793,0.15536273679366383,0.6886300149362584,0.6551320400838677,0.23114540424146135,0.0767394347205308,0.0310847971585992,0.014692309298235066,0.014147131747290221,0.010000000000000118,0.0,0.0,1.0
471,0.15510564258900944,0.1540723470873998,0.1544106414875491,0.15485922580017897,0.15536829975927025,0.15558254199019467,0.15554879578325762,0.15564892112162318,0.5689496180329694,0.5033455119988518,0.16678875975433674,0.13427794831514867,0.07675813751387897,0.03913133508768375,0.02336087088452017,0.010000000000000049,0.0,0.0,1.0
473,0.1561501385611251,0.15582857046458867,0.1545633222913729,0.1558272691543647,0.1561383667887718,0.15457016499570436,0.15456217828005095,0.15582801897203727,0.6507072007698538,0.6119925114170823,0.2224885014111822,0.08696285780729908,0.010851250379042686,0.010130891282966159,0.01008616809635324,0.010000000000000038,0.0,0.0,1.0
475,0.15506496284849505,0.15513859557650614,0.155139705597523,0.15470567109326983,0.15485602498626985,0.15470950627238617,0.15511175919247408,0.15469753403566436,0.6906827785149675,0.5830672806619138,0.20497947249902107,0.08126047485982799,0.01190222053427395,0.010721661777575612,0.010100724984454837,0.010000000000000033,0.0,0.0,1.0
476,0.1558353130228407,0.15618266910341824,0.1561998733239325,0.15470328417283843,0.15492346783590633,0.1547162713917325,0.1561508603178106,0.15471799130920844,0.7703719020669,0.6624927474400756,0.21386845017187467,0.08718357774708349,0.01286900083528891,0.011511990557632839,0.01044635111334861,0.010000000000000078,0.0,0.0,1.0
477,0.155111793944646,0.1551655744676096,0.15511781624210863,0.15601741379256337,0.15567075568714897,0.1559773228286046,0.15519730404868692,0.1560083536267099,0.7490280361801206,0.6150302998550957,0.22385542675757955,0.08917250776779531,0.013536509129704855,0.011310330442555057,0.010122679530475845,0.01000000000000006,0.0,0.0,1.0
478,0.15416024710334003,0.1551523930627912,0.15504317949094293,0.15514686223295862,0.15528018416672487,0.15509662427765056,0.15545057477366414,0.1551013629146401,0.6304497712467745,0.5936945544111278,0.20968815042725414,0.08176714465795827,0.018415213739132588,0.014276520292826233,0.010232374502340118,0.010000000000000045,0.0,0.0,1.0
479,0.15517103688079584,0.1559481518472845,0.155971418665497,0.15596295150495648,0.15612802284876345,0.1564918351798671,0.15588073231929064,0.1564966248864492,0.7142032047857709,0.6944268000577141,0.22058208801909446,0.07950489172505064,0.02284300760957674,0.012506477199690086,0.010702674141811277,0.010000000000000057,0.0,0.0,1.0
496,0.1562555627947843,0.15559838252173885,0.15558602900865243,0.15490927886618033,0.1561634721145427,0.15489784882511062,0.1555937374845108,0.15489660742942002,0.7647410323481606,0.6564589702864871,0.24792584319299993,0.09231863785321612,0.01116550809736725,0.010349719474308282,0.010089394296121275,0.01000000000000012,0.0,0.0,1.0
497,0.1545035637594635,0.1562088527776499,0.1553472439649164,0.15621182670243416,0.15587490347925786,0.15565220315384073,0.15577310024141142,0.155669027148687,0.7143199799789721,0.6791604744341466,0.2312688877567598,0.09508454472439723,0.02994238602430696,0.020099733599539833,0.010221238227342791,0.010000000000000042,0.0,0.0,1.0
502,0.1567305238698491,0.1552172913626833,0.1549794764126509,0.15521737124191315,0.15580772021425585,0.1549747747393263,0.15497331423310026,0.15516260231108092,0.6794865860149415,0.6328152395028345,0.23448034492310743,0.08469792268315714,0.012019907798986087,0.011029500635157088,0.010129771128599002,0.010000000000000156,0.0,0.0,1.0
504,0.15628641958144762,0.15428812451508106,0.15609566108458822,0.15431420888517614,0.1560393685051724,0.15608409289151193,0.15604947821305665,0.1543554469677812,0.6774636449987093,0.6359470350854067,0.23014904715605297,0.08412627503560552,0.014083693017622533,0.011681352616434782,0.01094399387915605,0.01000000000000006,0.0,0.0,1.0
511,0.15580326405340916,0.15559520586082462,0.15559467701798607,0.15564074456261442,0.15639629441696773,0.15564615530034628,0.15559374092498768,0.15564136110528787,0.7166914167267235,0.6099064544106998,0.2372074977595636,0.09218649247668051,0.010351510773691747,0.010181161497826888,0.010111843108465034,0.010000000000000052,0.0,0.0,1.0
518,0.1541734155830703,0.15539909437115998,0.15539964891893,0.1549828278427779,0.15540548066112347,0.15498363051110015,0.1553994619883147,0.154982885142777,0.7814502714506251,0.7010302880379332,0.23702430573774202,0.09111096590812125,0.010101963609149282,0.010004878183205569,0.010003220175641028,0.010000000000000089,0.0,0.0,1.0
520,0.1555630209649897,0.1553916142516971,0.15539706434743636,0.15525621319154947,0.1555115973045782,0.15526045930051208,0.15538337028800392,0.15525497596655038,0.6710726186174134,0.6357077706896745,0.2478761095999888,0.09074661721747923,0.010654380640850973,0.010219570374422244,0.010041166465702472,0.010000000000000047,0.0,0.0,1.0
522,0.15528126741337536,0.1553754080683562,0.1561340506150462,0.1553742231446573,0.1557806559319905,0.15640728520177147,0.1564544933115655,0.15511197711692137,0.726079928838537,0.6524410168260507,0.22672023220153964,0.09278825299489077,0.021251416066500838,0.014831048960131253,0.010582969582684055,0.010000000000000061,0.0,0.0,1.0
523,0.15493028564198816,0.15527050796869465,0.1552521398951361,0.15526857323862853,0.1564176535234942,0.1551819011810103,0.15518314395465974,0.15532704649677792,0.7526273562620135,0.6695496159198318,0.22443282090234007,0.09067928754067643,0.01872835596823027,0.014469516643433865,0.010029951001153812,0.010000000000000108,0.0,0.0,1.0
525,0.15530418818422168,0.15612517733541637,0.15496943746067054,0.15613435100481335,0.15630422795966847,0.15502237506667213,0.15497569751119222,0.1561383930909914,0.7391000452348419,0.665100939250618,0.2304459138705179,0.08728280157069974,0.014204477613656081,0.010106119567177855,0.01005171286252704,0.010000000000000038,0.0,0.0,1.0
530,0.15504664055797973,0.15514340357419726,0.15487507114871307,0.15445285214966326,0.15441089493782006,0.15457889179035375,0.15484587896334637,0.1544490073690173,0.7024553104343157,0.6811421947507238,0.22676494241590395,0.08504132118019378,0.019490687612161283,0.01053753823480281,0.01031948014363,0.010000000000000064,0.0,0.0,1.0
531,0.1545698111347059,0.1557275146112991,0.15559053601760534,0.1550526856178942,0.1562690551386125,0.1548274408428313,0.15571008615411608,0.15487434492757865,0.6816005281262413,0.6459815138342108,0.23822288668606553,0.08868263825853401,0.014361998746319405,0.011025430278587161,0.010493493458638287,0.010000000000000064,0.0,0.0,1.0
536,0.15532045545728673,0.1554719667397688,0.15455854351688159,0.1554879553613731,0.15632860703282064,0.15454019246196476,0.1545325011969337,0.15560117937791856,0.7280132983883457,0.679102749894632,0.2430897400769802,0.0885447188743874,0.020390892481955393,0.014897941525645952,0.01079980554275972,0.01000000000000005,0.0,0.0,1.0
539,0.15685367548101992,0.1572051973487245,0.1572053377039412,0.1551342830248542,0.15502617232682342,0.1551357710945331,0.15720507515924417,0.15513349345625502,0.7886345056348631,0.7223099725616325,0.23552357640239627,0.09513839768516805,0.010056458561403216,0.010021892012090644,0.010010200490488726,0.010000000000000052,0.0,0.0,1.0
541,0.15521175334805118,0.15667765419651736,0.156758545519909,0.1566903834408512,0.15684113067517577,0.15682219015755447,0.1568114652516203,0.15681136583968883,0.7901030268580231,0.7522717496504605,0.2401911033533669,0.09138142419292256,0.015468107946090295,0.012071987885940397,0.01031306825976043,0.010000000000000049,0.0,0.0,1.0
546,0.15761425350053476,0.15641205329543825,0.1569078670403366,0.1564213863380401,0.15542803709158215,0.15690970860335168,0.15690901787240352,0.15642190554710847,0.7654521580045922,0.7039159914676754,0.24637359987215887,0.09166622664728821,0.010598769620577118,0.01006378016123933,0.010039006702122077,0.010000000000000077,0.0,0.0,1.0
553,0.15533334177485322,0.15722908027465451,0.15721890297154445,0.15560514951857754,0.15721001388032815,0.1555818746908274,0.15725348676053125,0.15558702651691,0.6741053749335564,0.6230132634868611,0.23312598903828774,0.09021989446165389,0.014818226535621377,0.012136684101325939,0.010210229084011372,0.010000000000000057,0.0,0.0,1.0
557,0.15669384449609178,0.1566592438261523,0.15665963363049037,0.15632244271646636,0.1560273602433918,0.1563481470340945,0.1566884833816979,0.15635010132398058,0.754681717019329,0.6108604694950491,0.22130976107055397,0.09129432503569791,0.012153597077142557,0.011026330333180557,0.010389752525817388,0.010000000000000033,0.0,0.0,1.0
561,0.1547764546194801,0.1549698129378351,0.15496983128221778,0.15580124126073128,0.15519662821811406,0.15579987842287607,0.15496504344758513,0.15579987572923384,0.7272319795513806,0.699441972424991,0.21216760151289119,0.08432150920495939,0.011697036826969369,0.010849726267641358,0.010012772937871818,0.010000000000000064,0.0,0.0,1.0
569,0.1555842013497797,0.15607917929583795,0.15606505522170747,0.15594668895118738,0.15509579151946243,0.15595536638705618,0.15606115067544496,0.15595231318288325,0.6579821407338815,0.620038178015261,0.23223593231631737,0.08669280972232216,0.010684697428652197,0.01014828545500517,0.010092331943986866,0.010000000000000038,0.0,0.0,1.0
581,0.1568532229248773,0.1562060679488442,0.1562061749299465,0.15639179751407087,0.15632993301377412,0.1564037793829211,0.1562153311768199,0.1564040755794835,0.7356759871318785,0.7047589648972515,0.23259373325361254,0.09227881154470438,0.013875559428862552,0.011999563365731124,0.010025252136373557,0.010000000000000061,0.0,0.0,1.0
585,0.15489539613975387,0.15451815669412564,0.15447667840493226,0.15540014767945293,0.1558496958955329,0.15540865804813486,0.15449217715336533,0.15537630647925127,0.6813841829007768,0.6493902806857975,0.23239497449882618,0.08970077761242273,0.012481285146974018,0.010917249516063387,0.010754411921104583,0.010000000000000038,0.0,0.0,1.0
592,0.15590150422070587,0.15480073122070126,0.15480459524695508,0.1555188369767393,0.15578768000661844,0.15553380857187146,0.15481128253378615,0.1555329322613865,0.667339700350159,0.6280618972033952,0.23993971042767137,0.09438614164134485,0.011545300782451176,0.010797210676044703,0.010094055125153493,0.010000000000000049,0.0,0.0,1.0
597,0.15652274144771422,0.1568068862175642,0.1559578104138996,0.15680406355591675,0.1553998670672982,0.1558790741981989,0.1558809622988609,0.15660130875240882,0.7203549504164973,0.6668752909945306,0.21643105709551003,0.09089304264360452,0.0166395242195764,0.013313135027507604,0.010224758427504147,0.010000000000000068,0.0,0.0,1.0
598,0.15536764233403236,0.1558379299367647,0.15583782397960158,0.15513519145116866,0.1564244349611205,0.15512545125627208,0.1558452332743292,0.15512526080285058,0.78203808275136,0.6545690776618538,0.23579390344729717,0.09119435276266653,0.01038995774392888,0.010192992176878423,0.010012689551721776,0.010000000000000111,0.0,0.0,1.0
